{
  "start": [180.0, 180.0, 180.0, 180.0, 180.0, 180.0, 180.0],
  "goals": [
    [201.23240661621094, 113.94579315185548, 197.98905944824216, 138.31748962402344, 202.54730224609375, 182.74391174316403, 203.05313110351565],
    [162.66749572753906, 107.84033203125, 177.97119140625, 134.31884765624997, 178.92741394042969, 159.31391906738281, 180.14884948730469]
  ],
  "mugs": [
    [-0.89, 0.435, 0.271],
    [-0.794, -0.273, -0.051]
  ],
  "prior": [0.5, 0.5],
  "observation": {
    "name": "gaussian_optimal"
  }
}
